count,word,rcount
1838,little,707
1727,good,694
946,real,454
770,bad,366
764,new,339
678,big,339
649,true,319
635,sweet,307
607,ooh,286
579,long,262
578,hot,251
543,old,250
507,right,237
443,better,233
440,best,228
437,lonely,226
426,crazy,216
417,high,214
401,free,206
365,wrong,199
309,young,186
301,hard,184
287,beautiful,168
276,deep,167
268,lovin,159
258,cold,140
250,low,136
248,blue,136
242,sexy,135
242,ready,135
240,strong,133
233,alive,121
232,dark,119
225,wild,114
211,open,112
200,sad,110
197,white,109
196,happy,109
192,black,108
188,pretty,107
183,bright,106
180,perfect,103
177,like,100
177,sure,99
176,loving,97
172,rockin,94
170,red,94
167,slow,93
164,broken,93
162,second,89
162,easy,87
159,cool,85
157,dirty,83
157,nice,82
141,fine,80
140,different,80
136,wide,79
135,fuckin,79
134,single,76
133,special,75
131,funny,73
128,funky,73
123,higher,73
122,da,70
118,tired,69
115,dead,67
113,mad,66
112,blind,66
111,loud,62
109,warm,62
106,clear,61
106,short,60
103,make,59
102,brown,59
100,wet,58
99,cruel,58
98,everyday,57
97,fresh,56
97,afraid,56
93,sick,56
93,la-la,55
92,fly,53
91,beat,52
90,outside,51
90,come,51
88,green,50
87,late,50
87,nasty,49
86,lil,49
85,fast,48
83,live,48
83,favorite,48
83,great,47
82,rainy,47
82,fat,47
81,lean,47
81,small,46
80,break,46
80,lucky,46
79,glad,46
79,ohh,45
79,simple,45
79,american,44
77,oooh,43
76,fucking,42
76,feelin,42
75,strange,42
74,miss,42
72,quick,42
70,okay,38
69,rich,37
69,weak,36
68,left,36
68,past,36
67,ol,35
67,tough,35
66,safe,34
66,rough,34
64,steady,34
64,clean,34
63,ridin,34
62,mean,33
62,closer,33
60,tight,33
60,ooo,33
60,sweetest,33
60,shy,32
59,precious,32
59,fancy,32
58,insane,32
57,love,32
57,private,32
56,hungry,32
55,double,31
55,head,31
55,golden,31
55,soft,31
54,wont,31
54,brighter,31
53,naked,30
52,wonderful,30
52,sorry,29
52,light,29
51,stronger,29
51,runaway,29
51,welcome,29
50,dem,28
50,yellow,28
49,feeling,28
49,scared,28
49,drunk,27
48,quiet,27
48,dangerous,27
48,lovely,27
47,worth,27
46,yes,27
46,stupid,27
46,super,27
45,bigger,26
45,naughty,26
44,natural,25
44,poor,25
44,hush,25
44,west,25
42,secret,25
42,greatest,25
42,complete,25
42,damn,24
42,heavy,24
42,ooooh,24
41,wee,24
41,east,24
41,cute,24
41,human,24
40,proud,24
40,endless,23
40,mic,23
40,fair,23
40,hopeless,23
40,straight,22
39,tall,22
39,gentle,22
38,freaky,22
38,silly,22
38,busy,22
37,dry,22
37,lost,21
36,worst,21
36,oo,21
36,southern,21
36,foreign,21
36,fake,21
35,wait,21
35,older,20
34,ooh-ooh,20
34,foolish,20
34,dear,20
34,evil,20
33,early,19
33,amazing,19
33,li'l,19
33,close,19
33,gray,19
33,jealous,18
32,final,18
32,oo-chie,18
32,hotter,18
32,pure,18
31,separate,18
31,breaking,18
31,guilty,17
31,rude,17
31,younger,17
31,living,17
30,romantic,17
30,worry,17
30,smooth,17
30,undercover,17
29,oh-oh,17
29,baddest,17
29,deeper,17
29,raw,17
29,hurt,17
29,fading,17
29,main,17
29,minute,17
29,careful,17
29,hottest,16
28,sunny,16
28,ohoho,16
28,dumb,16
28,soulja,16
28,grand,16
28,like.wo,16
28,mighty,16
28,lyrical,16
28,everlasting,16
28,emotional,16
27,extra,16
27,cherry,16
27,darkest,15
27,plus,15
27,oh-oh-oh,15
27,answer,15
27,sweeter,15
26,smart,15
26,freeze,15
26,homey,15
26,physical,15
26,fit,15
25,faithful,14
25,mma,14
25,skinny,14
25,movin,14
25,ordinary,14
25,tan,14
25,distant,14
25,modern,14
25,key,14
25,shady,14
24,misty,14
24,lonesome,14
24,lotta,13
24,middle,13
24,vain,13
24,flat,13
24,invisible,13
24,pink,13
24,biggest,13
24,die,13
24,longest,13
23,sleeping,13
23,twisted,13
23,lame,13
23,tipsy,13
23,vida,12
23,burning,12
23,joint,12
22,finest,12
22,cosa,12
22,typical,12
22,teenage,12
22,nappy,12
22,treble,12
22,harder,12
22,ride,12
22,longer,12
21,mediocre,12
21,inner,12
21,ashamed,12
21,music,12
21,loaded,12
21,heavenly,12
21,shiny,11
21,hooked,11
21,common,11
21,cheap,11
21,magical,11
21,iced,11
20,tootsie,11
20,chirpy,11
20,bitter,11
20,wicked,11
20,gangsta,11
20,dancin,11
20,la,11
20,ooga-chaka,11
20,confused,11
20,hardest,11
20,large,11
20,nervous,11
20,silent,11
20,non-stop,11
20,major,11
20,ole,11
20,grey,11
20,purple,11
19,flow,11
19,shattered,10
19,plain,10
19,sharp,10
19,certain,10
19,solid,10
19,glamorous,10
19,lazy,10
19,broad,10
19,stormy,10
19,wildest,10
19,wasting,10
19,colder,10
19,cum,10
19,fantastic,10
19,let,10
19,independent,10
19,ow,10
19,louder,10
18,butta,10
18,neva,10
18,divine,10
18,di,10
18,local,10
18,innocent,9
18,bare,9
18,worse,9
18,taller,9
18,niggaz,9
18,country,9
18,fairy,9
17,magic,9
17,jamaican,9
17,bold,9
17,jiggy,9
17,deepest,9
17,sudden,9
17,troubled,9
17,want,9
17,ohohoho,9
17,famous,9
17,female,9
17,cashin,9
17,peaceful,9
17,laughin,9
16,diss,9
16,un-break,9
16,personal,9
16,bubble,9
16,shoo,9
16,international,9
16,finer,9
16,easier,9
16,honest,9
16,psychedelic,9
16,faded,9
16,hurry,9
16,able,9
16,closed,9
16,ay,9
16,rare,9
16,hollaback,9
15,thirsty,9
15,lead,9
15,terrible,8
15,similar,8
15,electric,8
15,patient,8
15,juicy,8
15,thurr,8
15,loose,8
15,feel,8
15,watchin,8
15,wise,8
15,a-ooh,8
15,earlier,8
15,sober,8
15,dutty,8
15,sleepless,8
15,calm,8
14,o-o-oh,8
14,french,8
14,reachin,8
14,counting,8
14,average,8
14,frozen,8
14,sexual,8
14,proper,8
14,bulletproof,8
14,satisfied,8
14,part-time,8
14,tasty,8
14,gushi,8
14,thatta,8
14,around-the-way,8
14,willing,8
14,weary,8
14,eye-to-eye,8
14,burnin,7
14,cloud,7
14,unkind,7
14,clearer,7
14,restless,7
14,square,7
14,loyal,7
14,fix,7
14,mind,7
14,unskinny,7
14,silky,7
13,original,7
13,damned,7
13,bound,7
13,fi,7
13,doggone,7
13,fallin,7
13,fighting,7
13,familiar,7
13,highest,7
13,ugly,7
13,shot,7
13,helpless,7
13,indian,7
13,rubberband,7
13,mellow,7
13,passing,7
13,bleeding,7
12,desperate,7
12,one-night,7
12,contagious,7
12,crowded,7
12,thicker,7
12,hear,7
12,sticky,7
12,repeat,7
12,o-o-h,7
12,comfortable,7
12,oh-whoa,7
12,corner,7
12,frightening,7
12,borderline,7
12,aware,7
12,greener,7
12,weird,7
12,verse,7
12,promiscuous,7
12,awful,6
12,tragic,6
12,foul,6
12,ba,6
12,eternal,6
12,vengo,6
12,unspoken,6
12,actin,6
12,cooler,6
12,summer,6
12,faster,6
12,holy,6
12,moonlit,6
12,bootylicious,6
12,angry,6
12,hollow,6
12,missing,6
12,cloudy,6
11,na,6
11,icy,6
11,friendly,6
11,dizzy,6
11,loser,6
11,milky,6
11,yah,6
11,working,6
11,constant,6
11,body,6
11,wishful,6
11,tiny,6
11,sentimental,6
11,healthy,6
11,false,6
11,ultimate,6
11,chinese,6
11,ev'ry,6
11,flash,6
11,scary,6
11,overwhelmed,6
11,hitchin,6
11,flashy,6
11,ohhh,6
11,breathless,6
11,thankful,6
11,leading,6
11,so-so,6
11,virgin,6
11,said,6
11,bended,6
11,no-one,6
11,animal,6
10,vicious,6
10,humble,6
10,prettiest,6
10,fucked,6
10,incomplete,6
10,hoo,6
10,acting,6
10,impossible,6
10,wishin,6
10,rendez-vous,6
10,drivin,6
10,obvious,6
10,sacred,6
10,urgent,6
10,t-t-totally,6
10,packed,6
10,lighter,6
10,searchin,6
10,gay,6
10,unfair,6
10,touchin,6
10,sound,6
10,mysterious,6
10,realest,6
10,shallow,5
9,lower,5
9,handsome,5
9,know,5
9,bouncin,5
9,careless,5
9,layin,5
9,latest,5
9,outrageous,5
9,all-all-all,5
9,finish,5
9,shoeshine,5
9,flip,5
9,dead-end,5
9,pale,5
9,mixed,5
9,promised,5
9,fatal,5
9,powerful,5
9,inside,5
9,baggy,5
9,groovin,5
9,numb,5
9,clumsy,5
9,triple,5
9,breathin,5
9,nitty,5
9,change,5
9,cha,5
9,expensive,5
9,dim,5
9,ohhhh,5
9,bitty,5
9,bent,5
9,weaker,5
9,blonde,5
9,bittersweet,5
9,stop,5
8,breaky,5
8,flashin,5
8,achy,5
8,driving,5
8,recall,5
8,a-break,5
8,catchin,5
8,important,5
8,fresher,5
8,m-a,5
8,worried,5
8,headin,5
8,face,5
8,voulez-vous,5
8,iswhoot,5
8,hopin,5
8,quack,5
8,blond,5
8,handy,5
8,meaner,5
8,flyin,5
8,clever,5
8,tighter,5
8,positive,5
8,seventh,5
8,freek'n,5
8,selfish,5
8,subtle,5
8,oho,5
8,one-way,5
8,diddy,5
8,flowing,5
8,reckless,5
8,regular,5
8,necessary,5
8,stay,5
8,sour,5
8,token,5
8,day,5
8,ooohooohooo,5
8,bizarre,5
8,legit,5
8,dusty,5
8,horny,5
8,northern,5
8,gritty,5
8,dyin,5
8,total,5
8,henny,5
8,crimson,5
8,eager,5
8,cutest,5
8,momma,5
8,unpredictable,4
8,chinny-chin-chin,4
8,do-do,4
7,dooby,4
7,wealthy,4
7,deadly,4
7,mi,4
7,cash,4
7,mere,4
7,nearer,4
7,splendid,4
7,listenin,4
7,uhh,4
7,daytime,4
7,untrue,4
7,mutual,4
7,married,4
7,spare,4
7,tense,4
7,fa,4
7,unnecessary,4
7,worldwide,4
7,future,4
7,people,4
7,timeless,4
7,berserk,4
7,tame,4
7,spontaneous,4
7,slim,4
7,breezy,4
7,official,4
7,ho-hey-ho-hey-ho-hey-ho,4
7,certified,4
7,classic,4
7,footloose,4
7,gyal,4
7,filled,4
7,brand-new,4
7,closest,4
7,fergalicious,4
7,upper,4
7,underground,4
7,frontin,4
7,greasy,4
7,wonder,4
7,surprised,4
7,bringin,4
7,coldest,4
7,greedy,4
7,fatter,4
7,plenty,4
7,bubbly,4
7,static,4
7,salty,4
7,pocket,4
7,counter,4
7,finger,4
7,criminal,4
7,gorgeous,4
7,exciting,4
7,likely,4
6,slick,4
6,dive,4
6,gator,4
6,syncopated,4
6,automatic,4
6,insecure,4
6,negative,4
6,fortunate,4
6,prime,4
6,overall,4
6,nighttime,4
6,blinding,4
6,bloody,4
6,tanned,4
6,complicated,4
6,outer,4
6,permanent,4
6,floss,4
6,motherfucking,4
6,draw,4
6,strangest,4
6,four-wheel,4
6,incredible,4
6,disrespectful,4
6,flashing,4
6,homeless,4
6,unhappy,4
6,mental,4
6,starry,4
6,a-a-at,4
6,got,4
6,dressed,4
6,cleanin,4
6,sweaty,4
6,perpetual,4
6,warmer,4
6,smaller,4
6,earnin,4
6,rapper,4
6,later,4
6,cypher,4
6,bomb,4
6,native,4
6,frustrated,4
6,bored,4
6,trifling,4
6,superstitious,4
6,getto,4
6,genuine,4
6,blowin,4
6,owww,4
6,tippy,4
6,beggin,4
6,toughest,4
6,do-do-do-do,4
6,chase,4
6,feedin,4
6,couple,4
6,filthy,4
6,daddys,4
6,chew,4
6,rear,4
6,healing,4
6,miny,4
6,diggady,4
6,retarded,4
6,stray,4
6,chronic,4
6,fuzzy,4
6,political,4
6,barbed,4
6,sane,4
6,hittin,3
6,follow,3
6,hazel,3
6,gon,3
6,crooked,3
6,nuthin,3
6,ill,3
6,useless,3
6,savage,3
6,luxe,3
6,painted,3
6,hoo-hoo,3
6,moral,3
6,soulful,3
6,curious,3
6,lit,3
6,smallest,3
6,flawless,3
6,burnt,3
6,stranger,3
6,mornin,3
5,coolest,3
5,social,3
5,huffin,3
5,ohohoh,3
5,treat,3
5,greenest,3
5,southside,3
5,rolling,3
5,two-way,3
5,touch,3
5,sleazy,3
5,sparkling,3
5,smile,3
5,far,3
5,cold-hearted,3
5,push,3
5,curly,3
5,devilish,3
5,dull,3
5,normal,3
5,pay,3
5,held,3
5,hardcore,3
5,ja,3
5,fourth,3
5,unwritten,3
5,cutie,3
5,erotic,3
5,tougher,3
5,spanish,3
5,kick,3
5,obsessed,3
5,possible,3
5,chromed,3
5,hateful,3
5,unsaid,3
5,present,3
5,untouched,3
5,solo,3
5,bossy,3
5,ov'r,3
5,naive,3
5,sleepy,3
5,par,3
5,inch,3
5,worthwhile,3
5,lock,3
5,sore,3
5,charming,3
5,nuh,3
5,sensitive,3
5,heartless,3
5,scarred,3
5,mucho,3
5,excited,3
5,busted,3
5,neat,3
5,aiy,3
5,gather,3
5,ancient,3
5,persuasive,3
5,try,3
5,musical,3
5,used,3
5,wiggle,3
5,freakin,3
5,awake,3
5,underwater,3
5,outfit,3
5,nother,3
5,hung,3
5,bother,3
5,simpler,3
5,stiff,3
5,oooo,3
5,juvenile,3
5,hit,3
5,brightest,3
5,gracious,3
5,otra,3
5,pia,3
5,nuff,3
5,karma,3
5,l-o-v-e,3
5,obscene,3
5,swiss,3
5,public,3
5,cellular,3
5,attractive,3
5,scarlet,3
5,pimped,3
5,phantom,3
5,hazy,3
5,eat,3
5,forced,3
5,speak,3
4,wonderin,3
4,chopped,3
4,matching,3
4,supersonic,3
4,meti,3
4,thriller,3
4,acid,3
4,sicker,3
4,shaggy,3
4,mortal,3
4,bolder,3
4,unknown,3
4,loved,3
4,"yeah,tootsie",3
4,infinite,3
4,caribbean,3
4,furious,3
4,orange,3
4,unbroken,3
4,six-foot,3
4,wide-body,3
4,standing,3
4,unconditional,3
4,winter,3
4,ok,3
4,heated,3
4,tearin,3
4,yous,3
4,slightest,3
4,wasted,3
4,larger,3
4,western,3
4,hectic,3
4,classy,3
4,involved,3
4,whi-whistle,3
4,unbelievable,3
4,tropical,3
4,debonair,3
4,intimate,3
4,unreal,3
4,hip-hop,3
4,ooooooh,3
4,greater,3
4,crawfish,3
4,eighteenth,3
4,burst,3
4,hefty,3
4,liable,3
4,fierce,3
4,usual,3
4,dre,3
4,bailar,3
4,lager,3
4,hate,3
4,chevy,3
4,blurry,3
4,nah-ah,3
4,imaginary,3
4,drive,3
4,oohh,3
4,question,3
4,correct,3
4,cause,3
4,bangin,3
4,switchin,3
4,buy,3
4,oooooh,3
4,up(yes,3
4,pro,3
4,allll,3
4,shooting,3
4,over-loaded,3
4,puffin,3
4,fear)no,3
4,cheesy,3
4,phony,3
4,richer,3
4,pivotal,3
4,aww,3
4,ho,3
4,locking,3
4,meant,3
4,hidden,3
4,tramp,3
4,ironic,3
4,pinky,3
4,wish,3
4,hypnotic,3
4,luckiest,3
4,see-through,3
4,lax,3
4,mesh,2
4,playas,2
4,merry,2
4,equal,2
4,unforgettable,2
4,ci,2
4,makin,2
4,muddy,2
4,ta,2
4,semi-charmed,2
4,fellow,2
4,es,2
4,giddy,2
4,venomous,2
4,eight-foot,2
4,ridiculous,2
4,legal,2
4,undecided,2
4,ohhhhh,2
4,leave,2
4,808,2
4,ragged,2
4,hearin,2
4,brilliant,2
4,trashin,2
4,centrifugal,2
4,belong,2
4,daily,2
4,nutty-nutty-nutty,2
4,run,2
4,potential,2
4,brief,2
4,concrete,2
4,cheer,2
4,casual,2
4,happenin,2
4,second-hand,2
4,wayward,2
4,boy,2
4,step,2
4,tidal,2
4,raspberry,2
4,old-fashioned,2
4,chunky,2
4,youthful,2
4,vocal,2
4,picture,2
4,pregnant,2
4,digital,2
4,fish,2
4,childish,2
4,motherfucker,2
4,blank,2
4,sure-fire,2
4,matchin,2
4,realer,2
4,rowdy,2
4,wan,2
4,expert,2
4,huge,2
4,giant,2
4,solitary,2
4,notorious,2
4,gifted,2
4,baller,2
4,pleasing,2
4,keeping,2
4,unique,2
4,particular,2
4,stick,2
4,cautious,2
4,unfortunate,2
4,missin,2
4,simultaneous,2
4,tainted,2
4,brokenhearted,2
4,tattered,2
4,uphill,2
4,windy,2
4,pappy,2
4,invincible,2
4,cupid,2
4,confusing,2
4,t-bird,2
4,richest,2
4,you\n,2
4,explain,2
4,carved,2
4,meaning,2
4,souped-up,2
4,vivid,2
4,cut,2
4,wear,2
3,our-our-our-ou-ou-ours,2
3,of-a,2
3,clouded,2
3,extreme,2
3,armed,2
3,italian,2
3,youll,2
3,ablaze,2
3,rican,2
3,ninth,2
3,awkward,2
3,needy,2
3,rarin,2
3,ripe,2
3,brown-eyed,2
3,fastest,2
3,rush,2
3,ooh)i,2
3,clenched,2
3,furthest,2
3,entire,2
3,mobile,2
3,robotic,2
3,burned,2
3,difficult,2
3,wild-eyed,2
3,lonley,2
3,aah,2
3,mommy,2
3,play,2
3,frail,2
3,pop,2
3,tossed,2
3,building,2
3,accroche-toi,2
3,ali-i-i-i-ive,2
3,braided,2
3,softer,2
3,insatiable,2
3,wide-eyed,2
3,mejor,2
3,scandalous,2
3,fadin,2
3,moved,2
3,platter,2
3,butt,2
3,brave,2
3,temporary,2
3,mohair,2
3,compatible,2
3,favourite,2
3,fifth,2
3,petite,2
3,sun-kissed,2
3,youngest,2
3,noisy,2
3,stale,2
3,darker,2
3,junior,2
3,squeaky,2
3,mhmm,2
3,odd,2
3,noticed,2
3,fold,2
3,breathing,2
3,growin,2
3,passionate,2
3,bounce,2
3,feeli'n,2
3,hittas,2
3,travelled,2
3,painful,2
3,getcha,2
3,crisp,2
3,violent,2
3,untamed,2
3,billion-year-old,2
3,snow-covered,2
3,fitting,2
3,meanest,2
3,sich,2
3,sweat,2
3,undeniable,2
3,facin,2
3,achin,2
3,f**k,2
3,strongest,2
3,critical,2
3,rusted,2
3,religious,2
3,skip,2
3,prepared,2
3,booming,2
3,carefree,2
3,presidential,2
3,intact,2
3,jazzy,2
3,laughing,2
3,lawdy,2
3,gimme,2
3,homemade,2
3,tempt,2
3,fragile,2
3,crush,2
3,motherfuckin,2
3,pat,2
3,lowww,2
3,opening,2
3,selective,2
3,ruby,2
3,firm,2
3,instant,2
3,letcha,2
3,countless,2
3,colored,2
3,likin,2
3,whiter,2
3,excusas,2
3,crispy,2
3,strapped,2
3,forgotten,2
3,smartest,2
3,mournful,2
3,record,2
3,do-or-die,2
3,interested,2
3,bear,2
3,plush,2
3,delicious,2
3,talented,2
3,sassy,2
3,defenseless,2
3,amber,2
3,slender,2
3,dearest,2
3,alright,2
3,grab,2
3,loot,2
3,futuristic,2
3,eastside,2
3,8th,2
3,inny,2
3,late-night,2
3,devious,2
3,stomping,2
3,corny,2
3,unaffected,2
3,flippin,2
3,two-lane,2
3,d-o-double,2
3,locked,2
3,colorful,2
3,bashful,2
3,happened,2
3,la-la-la,2
3,interesting,2
3,four-leaf,2
3,fabulous,2
3,peculiar,2
3,direct,2
3,built-in,2
3,urban,2
3,snow-white,2
3,100k,2
3,listen,2
3,delirious,2
3,lovable,2
3,westside,2
3,crucial,2
3,rocky,2
3,shawty,2
3,shag,2
3,becky,2
3,over-sized,2
3,lift,2
3,star-spangled,2
3,african,2
3,graphic,2
3,sharper,2
3,priceless,2
3,intense,2
3,screamin,2
3,love\n,2
3,funeral,2
3,unsure,2
3,dried,2
3,ageless,2
3,exact,2
3,feenin,2
3,mile-high,2
3,21st,2
3,grateful,2
3,overdue,2
3,righteous,2
3,nearest,2
3,lowdown,2
3,polite,2
3,immune,2
3,vive,2
3,feminine,2
3,heah,2
3,secondhand,2
3,theirs,2
3,defensive,2
3,opposite,2
3,misled,2
3,ouuuuuuut,2
3,opp,2
3,saving,2
3,1st,2
3,body-hotty,2
3,dynamic,2
3,undisputed,2
3,saved,2
3,friend,2
3,a-my,2
3,plastic,2
2,old-time,2
2,undying,2
2,sturdy,2
2,insured,2
2,faithless,2
2,flava,2
2,hyper,2
2,gold,2
2,ba-ba,2
2,witty,2
2,paranoid,2
2,north,2
2,poppin,2
2,superficial,2
2,gooey,2
2,wooded,2
2,sly,2
2,snap,2
2,appealing,2
2,ungrateful,2
2,rhythmic,2
2,roughest,2
2,tryingg,2
2,nude,2
2,one-of-a-kind,2
2,plug,2
2,madd,2
2,experienced,2
2,faggot,2
2,wireless,2
2,funkdafied,2
2,5th,2
2,thinnest,2
2,torn-up,2
2,bettin,2
2,immediate,2
2,convinced,2
2,oriental,2
2,lowest,2
2,dank,2
2,dang,2
2,illiterate,2
2,thought,2
2,get'cha,2
2,float,2
2,flaming,2
2,disarrayed,2
2,primitive,2
2,ooh-wah,2
2,bushy,2
2,weezy,2
2,unmistakable,2
2,funk,2
2,hang,2
2,alittle,2
2,pressed,2
2,all-black,2
2,south,2
2,homebound,2
2,yung,2
2,spectacular,2
2,lastin,2
2,itchy,2
2,fatty,2
2,climb,2
2,picky,2
2,exterior,2
2,iffy,2
2,near,2
2,iz,2
2,two-step,2
2,facial,2
2,cocky,2
2,itty-bitty,2
2,inclement,2
2,tune,2
2,arab,2
2,buck,2
2,go-go,2
2,radical,2
2,stainless,2
2,sole,2
2,poorer,2
2,mega,2
2,stick-up,2
2,alot,2
2,about-ah,2
2,vegetarian,2
2,homeboy,2
2,headed,2
2,kinky,2
2,elastic,2
2,newborn,2
2,frosty,2
2,missionary,2
2,seasonal,2
2,fabolous,2
2,fiendin,2
2,doc-tor,2
2,oooohoooohhhoh,2
2,lush,2
2,ooey,2
2,spankin,2
2,shinin,2
2,sleek,2
2,fistful,2
2,sandy,2
2,slower,2
2,spiritual,2
2,dip,2
2,light-skinned,2
2,all-purpose,2
2,inspired,2
2,mmh,2
2,hitta,2
2,kitchin,2
2,country-wide,2
2,fullest,2
2,faint,2
2,unfamiliar,2
2,jive,2
2,god-forsaken,2
2,haffi,2
2,instrumental,2
2,macadamian,2
2,unheard,2
2,quicker,2
2,game,2
2,suicidal,2
2,preppy,2
2,smoke-filled,2
2,paralyzed,2
2,wavin,2
2,represent,2
2,fuente,2
2,suburban,2
2,fuego,2
2,messy,2
2,oral,2
2,plannin,2
2,louie,2
2,midwest,2
2,fill-in,2
2,in)(yes,2
2,pearly,2
2,aunque,2
2,coloured,2
2,dapper,2
2,hoarse,2
2,washing,2
2,ecstatic,2
2,oldest,2
2,infatuated,2
2,bye-bye,2
2,shocking,2
2,libra,2
2,died,2
2,meaningless,2
2,cheat,2
2,sadder,2
2,rid,2
2,ooooooooh,2
2,roll,2
2,goofy,2
2,thy,2
2,exquisite,2
2,ba-dooba-do,2
2,needless,2
2,luscious,2
2,finna,2
2,fist,2
2,missed,2
2,jolly,2
2,annoying,2
2,pleasant,2
2,ask,2
2,lunatic,2
2,eligible,2
2,feeding,2
2,auburn,2
2,feed,2
2,shoot,2
2,helped,2
2,watchi,2
2,self-conscious,2
2,def,2
2,hurtin,2
2,neglected,2
2,stinging,2
2,magenta,2
2,ughhhh,2
2,headstrong,2
2,tried,2
2,global,2
2,imperial,2
2,blacker,2
2,unavoidable,2
2,posed,2
2,otro,2
2,oooohh,2
2,overnight,2
2,fergie,2
2,shitty,2
2,wiser,2
2,horny-back,2
2,smoky,2
2,seven-day,2
2,sorrowful,2
2,autographed,2
2,embarrassed,2
2,eleventh,2
2,ticklish,2
2,thirteen-month-old,2
2,shorty,2
2,no)no,2
2,revolving,2
2,laid,2
2,content,2
2,secure,2
2,tommy,2
2,psychic,2
2,allergic,2
2,sultry,1
2,macking,1
2,ephemeral,1
2,dima,1
2,seductive,1
2,rainin,1
2,hotgirls,1
2,politic,1
2,adolescent,1
2,aisle,1
2,untouchable,1
2,ballistic,1
2,freezy,1
2,choosy,1
2,electronic,1
2,nostalgic,1
2,covered,1
2,do-do-do-do-do,1
2,knick,1
2,skater,1
2,spinning,1
2,emerald,1
2,unquenchable,1
2,crack,1
2,creepin,1
2,denzel,1
2,blacktop,1
2,disturbed,1
2,shush,1
2,diggin,1
2,contigo,1
2,dance.i,1
2,ugliest,1
2,so-called,1
2,stereo,1
2,saddest,1
2,first-name,1
2,ballin,1
2,successful,1
2,mockingbird,1
2,in-style,1
2,year-round,1
2,cleanest,1
2,glorious,1
2,shoo-bop,1
2,relevant,1
2,laughs,1
2,rusty,1
2,quickest,1
2,tremendous,1
2,decent,1
2,dazzling,1
2,literal,1
2,adult,1
2,seasoned,1
2,fakin,1
2,finished,1
2,readin,1
2,pretentious,1
2,supernatural,1
2,lay,1
2,buh,1
2,rental,1
2,astonishing,1
2,absurd,1
2,wounded,1
2,oooooaaah,1
2,bring,1
2,spotless,1
2,domestic,1
2,hopeful,1
2,reminisce,1
2,sophisticated,1
2,free-ee-ee,1
2,unselfish,1
2,foolin,1
2,patty,1
2,latocha,1
2,awww,1
2,123,1
2,snitchin,1
2,available,1
2,superbad,1
2,cajun,1
2,fictitious,1
2,changed,1
2,fattest,1
2,popular,1
2,crushed,1
2,russian,1
2,stumbling,1
2,b-a-s-s,1
2,cranberry,1
2,nocturnal,1
2,defined,1
2,blazin,1
2,snowy,1
2,thier,1
2,piggy,1
2,establishin,1
2,ooohh,1
2,beige,1
2,happier,1
2,hella,1
2,dolla)-same,1
2,earthy,1
2,symphonic,1
2,psycho,1
2,two-seater,1
2,blaze,1
2,jam-packed,1
2,bimbo,1
2,rolled,1
2,articulate,1
2,melodic,1
2,vexed,1
2,stylish,1
2,promise,1
2,basic,1
2,khaled,1
2,comical,1
2,wider,1
2,lowly,1
2,what'chu,1
2,hussle,1
2,object,1
2,good}good,1
2,wi,1
2,lu,1
2,downward,1
2,mamita,1
2,servin,1
2,cos,1
2,wastin,1
2,impressed,1
2,sneaky,1
2,lone,1
2,grave,1
2,unusual,1
2,anxious,1
2,muthaf**kin,1
2,counterfeit,1
2,lot-dah-dah-dah,1
2,hesitant,1
2,clubbin,1
2,parachute,1
2,fossil,1
2,wickest,1
2,control,1
2,shed,1
2,benz,1
2,hellafied,1
2,deadbeat,1
2,ooohooohooohooo,1
2,militainment,1
2,falta,1
2,blocka,1
2,cheaper,1
2,oo-oo-oo-oo,1
2,sissy,1
2,smokin,1
2,smashin,1
2,soggy,1
2,active,1
2,arreglar,1
2,leaded,1
2,picked,1
2,punch,1
2,bloodshot,1
2,hourly,1
2,spend,1
2,lolli,1
2,devastating,1
2,rotten,1
2,medical,1
2,self-made,1
2,cozy,1
2,force,1
2,fifteenth,1
2,hee-hee,1
2,uptight,1
2,safer,1
2,implicit,1
2,nameless,1
2,limp,1
2,responsible,1
2,convenient,1
2,fed,1
2,ooohooo,1
2,ohhhhhhh,1
2,prissy,1
2,limited,1
2,fight,1
2,jiggle,1
2,8-track,1
2,fair-weather,1
2,unbelieveable,1
2,nonchalant,1
2,lunar,1
2,oom,1
2,read,1
2,oooooooh,1
2,chinky,1
2,love-sick,1
2,massive,1
2,thorny,1
2,impartial,1
2,rougher,1
2,drenched,1
2,australian,1
2,valuable,1
2,moms,1
2,bong,1
2,skinned,1
2,blue-eyed,1
2,buzzin,1
2,drastic,1
2,almighty,1
2,sarcastic,1
2,toxic,1
2,desolate,1
2,british,1
2,bombest,1
2,surprising,1
2,up.your,1
2,exceptional,1
2,lavish,1
2,blunt,1
2,windless,1
2,mich,1
2,reputed,1
2,nothin?cheaper,1
2,ooohhh,1
2,haitian,1
2,blow,1
2,maximum,1
2,walking,1
2,pull,1
2,thicky,1
2,exotic,1
2,wifey,1
2,frequent,1
2,widest,1
2,crib,1
2,tous,1
2,candied,1
2,downtown,1
2,spicy,1
2,steadfast,1
2,highbrow,1
2,chrous,1
2,tad,1
2,strict,1
2,lifegaurd,1
2,entangled,1
2,dutch,1
2,mammary,1
2,frisky,1
2,sublime,1
2,vague,1
2,whatcha,1
2,sharpest,1
2,fogged,1
2,delicate,1
2,pump,1
2,prettier,1
2,tightened,1
2,slip,1
2,fifty-pound,1
2,freaking,1
2,heathen,1
2,four-letter,1
2,morena,1
2,equipped,1
2,god-found,1
2,chocolate-covered,1
2,teasing,1
2,hatin,1
2,standup,1
2,huh,1
2,3rd,1
2,killed,1
2,phatty,1
2,bodied,1
2,ayo,1
2,plump,1
2,parental,1
2,performer,1
2,vacant,1
2,dropped,1
2,oooohhh,1
2,answering,1
2,conspicuous,1
2,slippery,1
2,fiery,1
2,lyric,1
2,dich,1
2,high-o,1
2,fifty-fifty,1
2,elementary,1
2,whispering,1
2,placed,1
2,statutory,1
2,cuter,1
1,keen,1
1,aroused,1
1,tempting,1
1,age-old,1
1,arrogant,1
1,jagged,1
1,westbound,1
1,bump,1
1,organic,1
1,cutting,1
1,rabid,1
1,intoxicating,1
1,hurryin,1
1,bougie,1
1,legendary,1
1,hot-blooded,1
1,headbutt,1
1,enormous,1
1,fittin,1
1,mas,1
1,kommt,1
1,drizzy,1
1,feasible,1
1,cush,1
1,waan,1
1,tyrolean,1
1,defend,1
1,full-court,1
1,ricky,1
1,cerebral,1
1,pokin,1
1,cosmic,1
1,lenox,1
1,bogle,1
1,one\n,1
1,ohhhhhh,1
1,betta,1
1,radiant,1
1,dehydrated,1
1,angelic,1
1,mentirosa,1
1,profound,1
1,speedy,1
1,frayed,1
1,february,1
1,mannin,1
1,sculpting,1
1,ecstacy,1
1,grecian,1
1,outkast,1
1,forty-one,1
1,astral,1
1,atl,1
1,chickenhead,1
1,limber,1
1,prone,1
1,bluffin,1
1,oooh-oh-no,1
1,mis,1
1,bow-legged,1
1,contact,1
1,fla-vor,1
1,mid,1
1,bowlegged,1
1,chubby,1
1,lieee,1
1,down-hearted,1
1,undefeatable,1
1,sled,1
1,corral,1
1,need,1
1,goodie,1
1,primotine,1
1,civilized,1
1,corrupt,1
1,beatin,1
1,ring,1
1,trusting,1
1,nigerian,1
1,soooo,1
1,woebegone,1
1,cough,1
1,next-level,1
1,feline,1
1,hard-won,1
1,sssssouthside,1
1,road'a,1
1,disguised,1
1,boombastic,1
1,overanalyze,1
1,financial,1
1,metaphysical,1
1,homegrown,1
1,sky-high,1
1,a.32,1
1,cryin,1
1,looker,1
1,bumpy,1
1,wicka,1
1,reveal,1
1,alarmed,1
1,swollen,1
1,p.p,1
1,ahmad,1
1,anita,1
1,moon-spattered,1
1,dat,1
1,cheatin,1
1,assured,1
1,lawless,1
1,forgettin,1
1,immovable,1
1,vulgar,1
1,fred,1
1,nth,1
1,icky,1
1,craziest,1
1,three-way,1
1,steamy,1
1,cobweb,1
1,all-american,1
1,one.we,1
1,mothafuck,1
1,double-up,1
1,l'amour,1
1,life-long,1
1,a-standin,1
1,punky,1
1,hospitable,1
1,raunchy,1
1,beat-down,1
1,keyed,1
1,10-4,1
1,gassin,1
1,haired,1
1,impale,1
1,laa,1
1,immaculate,1
1,a-all,1
1,hotness,1
1,celibate,1
1,sheisty,1
1,dummy,1
1,waaaaas,1
1,osbourne,1
1,sumthin,1
1,wanna-be,1
1,oaktown,1
1,7-inch,1
1,ghetto-fabulous,1
1,notice,1
1,stingy,1
1,me-a,1
1,all-time,1
1,buryin,1
1,defeat,1
1,1980)==\n{{album,1
1,foreclosable,1
1,kelos,1
1,yucky,1
1,susie,1
1,uneasy,1
1,prob'ly,1
1,reps-up,1
1,visionary,1
1,mo-weezy,1
1,ooohhhh,1
1,rrrr,1
1,insensitive,1
1,barretas,1
1,conceited,1
1,flamin,1
1,following,1
1,untried,1
1,record-breaker,1
1,pooooow,1
1,commercial,1
1,alotta,1
1,win,1
1,treacherous,1
1,unopened,1
1,lightnin,1
1,prized,1
1,unleaded,1
1,busta,1
1,randy,1
1,whipping,1
1,mama-uh,1
1,caring,1
1,siete,1
1,"uuu),hot",1
1,persian,1
1,worthy,1
1,capable,1
1,lyte,1
1,leadin,1
1,brandon,1
1,singing,1
1,oriented,1
1,dumbest,1
1,toothed,1
1,all-white,1
1,maxi,1
1,jerky,1
1,urchin,1
1,worcestershire,1
1,alight,1
1,pointy,1
1,booty,1
1,prettie,1
1,hyped,1
1,overpriced,1
1,dealt,1
1,gashing,1
1,rub-a-dub,1
1,run-around,1
1,tre,1
1,sanctified,1
1,rubs,1
1,haa-u-git,1
1,freeform,1
1,infrared,1
1,padded,1
1,fantazing,1
1,trabjame,1
1,drabble,1
1,moot,1
1,sinnin,1
1,attentive,1
1,multiplyin,1
1,mo'head,1
1,nacho,1
1,unturned,1
1,life(nother,1
1,faceless,1
1,huggin,1
1,on\n,1
1,501,1
1,el,1
1,two-track,1
1,fucked-up,1
1,p-p-p-p-pac,1
1,gutta,1
1,bodacious,1
1,jump,1
1,3x,1
1,expresstic,1
1,ashy,1
1,orderly,1
1,consummate,1
1,download,1
1,opportunistic,1
1,handcuffing,1
1,odl,1
1,"me,xactly",1
1,babe,1
1,rah,1
1,mo-sci-no,1
1,boukou,1
1,love.is,1
1,vegemite,1
1,unmade,1
1,canned,1
1,ha-ha-happy,1
1,crazed,1
1,chief,1
1,linen,1
1,trembling,1
1,gitchi,1
1,bing,1
1,diabolical,1
1,untrimmed,1
1,consecrated,1
1,naussau,1
1,trippy,1
1,mono,1
1,morning,1
1,starry-eyed,1
1,otless,1
1,good-looking,1
1,seedy,1
1,licky,1
1,whoa.happy,1
1,astronomical,1
1,sightless,1
1,mashin,1
1,august,1
1,vertical,1
1,breezin,1
1,fearless,1
1,bionic,1
1,big-bellied,1
1,choose,1
1,tangle,1
1,inseparable,1
1,fitty,1
1,ll,1
1,rebellious,1
1,smashed,1
1,concentrate,1
1,girly,1
1,le,1
1,parting,1
1,mobbin,1
1,itchin,1
1,super-8,1
1,je,1
1,dutiful,1
1,frat,1
1,four-thirteen,1
1,vaccum,1
1,pous,1
1,paralysed,1
1,idle,1
1,reserved,1
1,loiterin,1
1,deserving,1
1,50-50,1
1,next-door,1
1,meet,1
1,dark-skinned,1
1,por,1
1,oohhh,1
1,one-track,1
1,mythical,1
1,fooling,1
1,teen-age,1
1,appointed,1
1,unfaithful,1
1,central,1
1,messin,1
1,my-m-m-y-my,1
1,possessive,1
1,six-inch,1
1,up(break,1
1,elegant,1
1,jeremih,1
1,cross-eyed,1
1,waterbed,1
1,abrasive,1
1,fare,1
1,nearby,1
1,ooh.ooh,1
1,intelligent,1
1,folksinger,1
1,stocking,1
1,sulky,1
1,freeze-frame,1
1,flaky,1
1,villian,1
1,justifiable,1
1,man-gal,1
1,daring,1
1,hoodrat,1
1,heyyy,1
1,sh-boogie,1
1,kissable,1
1,hign,1
1,militant,1
1,hey-ey,1
1,krossed,1
1,legitimate,1
1,tri-level,1
1,7th,1
1,fluorescent,1
1,chauffer,1
1,opem,1
1,heeey,1
1,japanese,1
1,lycanthropy,1
1,disciplined,1
1,ripped,1
1,helluva,1
1,forgettable,1
1,bang,1
1,13th,1
1,ohhhoh,1
1,lear,1
1,instantaneous,1
1,ruthless,1
1,cooking,1
1,ont,1
1,night)(yeah,1
1,stilted,1
1,focused,1
1,five-and-dime,1
1,dookie,1
1,greek,1
1,jam,1
1,sister,1
1,oww,1
1,ooooo,1
1,3-something,1
1,buttonhole,1
1,learnin,1
1,margarita,1
1,buried,1
1,nazi,1
1,twitchin,1
1,insufficient,1
1,kush,1
1,lumpy,1
1,hawkin,1
1,twenty-second,1
1,fear,1
1,fishberg,1
1,phoney,1
1,spilled,1
1,carried,1
1,commited,1
1,street}}\n,1
1,stuffy,1
1,diamond-like,1
1,lights,1
1,unseen,1
1,single-handed,1
1,switching,1
1,who's,1
1,oowee,1
1,sweeta,1
1,cross-legged,1
1,beautful,1
1,dru,1
1,oh-oh-oh-oh,1
1,hokey,1
1,tawny,1
1,military,1
1,add,1
1,arrest,1
1,mantic,1
1,barefooted,1
1,multiple,1
1,heeled,1
1,oppressive,1
1,chic-a-cherry,1
1,needin,1
1,three-piece,1
1,bionical,1
1,droppin,1
1,racin,1
1,terrific,1
1,resilient,1
1,overchargin,1
1,funkafied,1
1,mamas,1
1,holier,1
1,unsuccessful,1
1,woozy,1
1,55th,1
1,18th,1
1,tommys,1
1,disposable,1
1,residual,1
1,hookah,1
1,two-seat,1
1,snowbird,1
1,stashing,1
1,met,1
1,interior,1
1,macrobiotic,1
1,uplifting,1
1,pointless,1
1,"funkafied,funkalistic,vocalistic",1
1,wheezy,1
1,hanging,1
1,martial,1
1,asian,1
1,hup,1
1,grown-up,1
1,woooooh,1
1,surreal,1
1,virtual,1
1,offensive,1
1,eastern,1
1,44,1
1,copy,1
1,wack,1
1,analyze,1
1,between-a,1
1,rugged,1
1,domesticated,1
1,rival,1
1,devout,1
1,haaaaaa,1
1,diplomatic,1
1,humma,1
1,hugable,1
1,d-d-d-do,1
1,underloved,1
1,genau,1
1,wheeler,1
1,baked,1
1,rural,1
1,floppy,1
1,teachin,1
1,compete,1
1,rule,1
1,hum,1
1,lukewarm,1
1,loneliest,1
1,punching,1
1,cut-off,1
1,seismic,1
1,ri-dic-dic-dic-ulous,1
1,homestyle,1
1,southbound,1
1,chancy,1
1,suspenseful,1
1,shredded,1
1,traumatic,1
1,fresh-sown,1
1,a-changin,1
1,universal,1
1,dazy,1
1,the?five,1
1,hazardous,1
1,down\n,1
1,troublesome,1
1,a.41,1
1,agian,1
1,enhanced,1
1,n'true,1
1,balla-tic,1
1,honorable,1
1,dely,1
1,strictest,1
1,nicer,1
1,slow-motion,1
1,incurable,1
1,overtime,1
1,continental,1
1,low-key,1
1,pitty,1
1,touching,1
1,move-a,1
1,shoebox,1
1,eyess,1
1,bus,1
1,void,1
1,supreme,1
1,forreal,1
1,dissed,1
1,tickle,1
1,cuckier,1
1,seaside,1
1,cavalier,1
1,regal,1
1,gigantic,1
1,slow-moving,1
1,evident,1
1,swivel,1
1,fruity,1
1,button-down,1
1,beeper,1
1,muthafuckin,1
1,"1,2",1
1,hot-flash,1
1,granny,1
1,gain,1
1,nobodys,1
1,neutral,1
1,astro,1
1,rambler,1
1,psychological,1
1,40,1
1,routine,1
1,truthful,1
1,bright-eyed,1
1,ovr,1
1,hummer,1
1,button-pushing,1
1,explosive,1
1,comparable,1
1,cuddly,1
1,pha-real,1
1,swing,1
1,pokey,1
1,unanswered,1
1,choppas,1
1,rhythum,1
1,sippy,1
1,aiyyo,1
1,tangled,1
1,nuclear,1
1,misfit,1
1,ground,1
1,lesbian,1
1,irrefutable,1
1,figaro,1
1,police,1
1,frameless,1
1,foulest,1
1,indie,1
1,denim,1
1,oriol,1
1,bonafide,1
1,german,1
1,pompatous,1
1,dyke,1
1,puff,1
1,hidee-ho,1
1,biast,1
1,polluted,1
1,hog,1
1,tlc,1
1,oohooh,1
1,chilly,1
1,holidae,1
1,invited,1
1,egyptian,1
1,actual,1
1,trespass,1
1,ooh-ee,1
1,plies,1
1,latin,1
1,canine,1
1,creo,1
1,ovulating,1
1,stickin,1
1,fickle,1
1,biding,1
1,means,1
1,indecent,1
1,man-made,1
1,panoramic,1
1,planted,1
1,courtside,1
1,bony,1
1,daah,1
1,unfinished,1
1,squeeze,1
1,long-hair,1
1,wooden,1
1,trivial,1
1,chicken,1
1,utter,1
1,parked,1
1,tearful,1
1,drownin,1
1,223,1
1,thine,1
1,masculine,1
1,ebb,1
1,farthest,1
1,truer,1
1,elusive,1
1,hasty,1
1,sickening,1
1,maintain,1
1,gram,1
1,democratic,1
1,peepin,1
1,dondatta,1
1,ghastly,1
1,subterranean,1
1,indispensible,1
1,champagne,1
1,hard-top,1
1,deathly,1
1,borin,1
1,dumbstruck,1
1,donka,1
1,vast,1
1,vodka,1
1,owning,1
1,precise,1
1,twirled,1
1,drink,1
1,receptical,1
1,los,1
1,twelfth,1
1,ooooohh,1
1,mamacita,1
1,decomposable,1
1,fido,1
1,separated,1
1,shotty,1
1,relax,1
1,defiant,1
1,assault,1
1,vintage,1
1,watchful,1
1,whirling,1
1,hearted,1
1,dual,1
1,optimistic,1
1,intergalactic,1
1,humpty,1
1,overcrowded,1
1,unrehearsed,1
1,cuttin,1
1,l.a,1
1,cerdos,1
1,stern,1
1,accurate,1
1,spastic,1
1,hablar,1
1,lynching,1
1,teatime,1
1,obsessive,1
1,plow,1
1,paid,1
1,english,1
1,a-ride,1
1,dougie,1
1,hickory-dickory,1
1,wond'rous,1
1,catchy,1
1,ooh-wee,1
1,colour,1
1,pampered,1
1,celtic,1
1,8-ball,1
1,fifty-leven,1
1,buzzards,1
1,hussy,1
1,general,1
1,pre-k,1
1,domiar,1
1,cinnimon,1
1,bluish,1
1,skippy,1
1,drowsy,1
1,root,1
1,five-hour,1
1,wonderous,1
1,addictive,1
1,funkiest,1
1,brewin,1
1,bada,1
1,professional,1
1,replayin,1
1,flexin,1
1,two-room,1
1,birthin,1
1,disturbing,1
1,gong,1
1,drop-top,1
1,grimey,1
1,mv,1
1,munchin,1
1,suggestive,1
1,primeval,1
1,hold,1
1,crummy,1
1,maddest,1
1,95,1
1,sub-woofer,1
1,springer,1
1,ysl,1
1,abandoned,1
1,te,1
1,lebanese,1
1,inventive,1
1,mc,1
1,long-shot,1
1,big-bosomed,1
1,whack,1
1,bateau,1
1,hmm,1
1,topless,1
1,caddy,1
1,jaded,1
1,cluttered,1
1,ooh-hoo,1
1,oo-ooh,1
1,nigga'z,1
1,hard-pressed,1
1,punchin,1
1,unholy,1
1,silliest,1
1,discouraging,1
1,presentable,1
1,marxist,1
1,navigational,1
1,jicky-jicky-jicky,1
1,neanderthal,1
1,eerie,1
1,bridesmaid,1
1,handed,1
1,freeze-framed,1
1,ripple,1
1,blood-shot,1
1,chic,1
1,wacky,1
1,stagnant,1
1,itty,1
1,upstairs,1
1,brunette,1
1,slangin,1
1,laba,1
1,bald,1
1,quicky,1
1,flirtatious,1
1,llega,1
1,fo-fo,1
1,evilest,1
1,high-waisted,1
1,jukebox,1
1,chuga-chuga,1
1,kung,1
1,vital,1
1,caprime,1
1,write,1
1,sacrificial,1
1,shrivled,1
1,inclusive,1
1,me(want,1
1,crashin,1
1,muscular,1
1,base,1
1,splatter,1
1,friday,1
1,pue,1
1,holding,1
1,carribean,1
1,feignin,1
1,kinetic,1
1,jacked,1
1,funked,1
1,chasin,1
1,legged,1
1,vulnerable,1
1,thrilling,1
1,thhhheeerre,1
1,saucy,1
1,gray-haired,1
1,alrite,1
1,my-my,1
1,ot,1
1,refried,1
1,star-crossed,1
1,rounder,1
1,lively,1
1,believed,1
1,heartfelt,1
1,woodland,1
1,mexican,1
1,lasting,1
1,sendin,1
1,harmless,1
1,you(to,1
1,nifty,1
1,tumbling,1
1,stopped,1
1,deranged,1
1,vanished,1
1,nauseous,1
1,decimal,1
1,momentary,1
1,overzealous,1
1,prejudiced,1
1,lordy,1
1,grubby,1
1,awesome,1
1,tic,1
1,surfin,1
1,wasteful,1
1,ya,1
1,pick-up,1
1,'d,1
1,again)(i,1
1,partyin,1
1,like-a,1
1,frumunda,1
1,it`s,1
1,attached,1
1,undefeated,1
1,misleading,1
1,it.(i,1
1,stressful,1
1,freddie,1
1,plat,1
1,bustler,1
1,viral,1
1,cardiac,1
1,10-pound,1
1,seedless,1
1,sizzling,1
1,sun-tanned,1
1,lorenzo-kitted,1
1,fliest,1
1,moist,1
1,use,1
1,past-time,1
1,lib,1
1,karl,1
1,lier,1
1,capped,1
1,blissful,1
1,refined,1
1,mack,1
1,unavailable,1
1,doggin,1
1,warm-blooded,1
1,crayon,1
1,swine,1
1,jojo.our,1
1,cheerin,1
1,oh-a-ooh-ooh,1
1,pushy,1
1,languid,1
1,a-gettin,1
1,beating,1
1,adorable,1
1,c-cold,1
1,ooowee,1
1,barren,1
1,butterican,1
1,khaki,1
1,traditional,1
1,beachin,1
1,racial,1
1,ironclad,1
1,yourself(everysingle,1
1,eighth,1
1,stumble,1
1,ultra,1
1,initial,1
1,boogie-woogie,1
1,imperfect,1
1,bumble,1
1,bugaloo,1
1,recovered,1
1,grimy,1
1,cuban,1
1,coming,1
1,bellin,1
1,bloodier,1
1,happiness\n,1
1,irrational,1
1,sixth,1
1,paramount,1
1,guest,1
1,loudest,1
1,illuminating,1
1,4-barrel,1
1,digusted,1
1,veritek,1
1,visualizin,1
1,dominating,1
1,business,1
1,summerhouse,1
1,suspicious,1
1,doggy,1
1,outstanding,1
1,enamored,1
1,catatonic,1
1,freak-freak,1
1,dtp,1
1,fought,1
1,footsie,1
1,ninety-foot,1
1,money-green,1
1,hot-shot,1
1,ungodly,1
1,quirky,1
1,outtie,1
1,6'8,1
1,offer,1
1,loanin,1
1,serene,1
1,uncut,1
1,believe,1
1,mmmm,1
1,veteran,1
1,bubonic,1
1,flo,1
1,thst,1
1,portable,1
1,milkbox,1
1,oha,1
1,handicapped,1
1,blunted,1
1,warnin,1
1,midnight`s,1
1,self-contained,1
1,bizirk,1
1,colossal,1
1,intro,1
1,long-legged,1
1,jackin,1
1,humongous,1
1,masqueno,1
1,contemplate,1
1,bisquick,1
1,tranquil,1
1,gotdamn,1
1,fam,1
1,einmal,1
1,plaid,1
1,groupy,1
1,hairy,1
1,poisonous,1
1,bluest,1
1,rub,1
1,breakable,1
1,six-shot,1
1,offerin,1
1,witcha,1
1,unaware,1
1,one-two,1
1,unexpected,1
1,bitchin,1
1,ak,1
1,purposeless,1
1,hungover,1
1,dealing,1
1,ferocious,1
1,smudged,1
1,voicin,1
1,bake,1
1,menstrual,1
1,stately,1
1,fillet,1
1,uniform,1
1,skid,1
1,ahhh,1
1,ayy,1
1,yankin,1
1,sposed,1
1,djame,1
1,sicilian,1
1,pillow,1
1,pero,1
1,grudgy,1
1,wilding,1
1,street\n{{ol|header=bonus,1
1,deluxe,1
1,marvelous,1
1,tangere,1
1,dramatic,1
1,perk,1
1,curvy,1
1,boing,1
1,leather-studded,1
1,unload,1
1,remote,1
1,tricky,1
1,telltale,1
1,custom-made,1
1,prudent,1
1,incomprehensible,1
1,gambling,1
1,"on,on",1
1,bodily,1
1,fiddler,1
1,puzzled,1
1,vert,1
1,idiot,1
1,tethered,1
1,backstroke,1
1,post-modern,1
1,olympian,1
1,damn.my,1
1,canadian,1
1,elemental,1
1,boi,1
1,high-tech,1
1,irrelevant,1
1,ignorant,1
1,iz-h,1
1,betcha,1
1,perm,1
1,"done,fresh",1
1,chuuch,1
1,you.all,1
1,bible,1
1,transgendered,1
1,payin,1
1,dismal,1
1,atuomatic,1
1,siren,1
1,arguin,1
1,olive,1
1,yummy,1
1,deep-fried,1
1,formin,1
1,minimum,1
1,tounge,1
1,homeboys,1
1,answered,1
1,discrete,1
1,atrocious,1
1,stubborn,1
1,flowered,1
1,eyein,1
1,pissy,1
1,wind-swept,1
1,a-list,1
1,corncob,1
1,dazed,1
1,rushin,1
1,lousy,1
1,funkin,1
1,ros,1
1,unlucky,1
1,indescribable,1
1,unthought-of,1
1,snotty,1
1,bleak,1
1,harajuku,1
1,prepare,1
1,crunk,1
1,viscious,1
1,unsung,1
1,redeemable,1
1,unashamed,1
1,never-ending,1
1,bouffant,1
1,teary-eyed,1
1,start,1
1,galactic,1
1,poured,1
1,ouch,1
1,g-dub,1
1,coogi,1
1,walled,1
1,hawler,1
1,smackin,1
1,reconstructive,1
1,mud-brown,1
1,sloppy,1
1,conventional,1
1,fueras,1
1,ol-wu-wopte,1
1,blast,1
1,benjemin,1
1,coo-coo,1
1,ritzy,1
1,vio,1
1,chunka,1
1,1-2,1
1,dark-haired,1
1,sticking,1
1,maico,1
1,weirder,1
1,gleamy,1
1,prophylactic,1
1,fatted,1
1,penetentiary,1
1,dig,1
1,deadhead,1
1,p-p-politic,1
1,eazy,1
1,followin,1
1,tacky,1
1,macho,1
1,goodyear,1
1,cunning,1
1,grippin,1
1,fullproof,1
1,uncool,1
1,antiquated,1
1,irreversible,1
1,abused,1
1,exalted,1
1,romantical,1
1,flamboyant,1
1,saggy,1
1,visual,1
1,blaow,1
1,wood-grain,1
1,wretched,1
1,apeshit,1
1,teen,1
1,stand-up,1
1,good-time,1
1,addy,1
1,thug-style,1
1,exposed,1
1,n***a,1
1,discontented,1
1,bronzed,1
1,playin?hardball,1
1,brained,1
1,elderly,1
1,harsh,1
1,ulous,1
1,forty-year,1
1,lookin,1
1,agile,1
1,all-night,1
1,asteroid,1
1,layli,1
1,bo,1
1,lasto,1
1,blinkin,1
1,unheeded,1
1,asked,1
1,heart-break,1
1,ruckest,1
1,eating,1
1,poetic,1
1,coy,1
1,bu-sy,1
1,surrender,1
1,in-depth,1
1,o.p.p,1
1,suin,1
1,spacious,1
1,pitchin,1
1,groud,1
1,delusional,1
1,woooo,1
1,gem-like,1
1,climbin,1
1,rat-a-tat-at,1
1,supercalafragilistic,1
1,no-name,1
1,long\n,1
1,kosher,1
1,two-seaters,1
1,jimmy,1
1,calloused,1
1,frump,1
1,unu,1
1,range,1
1,senile,1
1,amazin,1
1,aflame,1
1,ojos,1
1,bamboo,1
1,braggin,1
1,god-sent,1
1,out.there,1
1,donny,1
1,mi-i-i-ind,1
1,oo-oo-oo,1
1,oh-we-oh,1
1,faint-hearted,1
1,helpful,1
1,everythin,1
1,bit,1
1,we-a,1
1,marked,1
1,one-by-one,1
1,light-weight,1
1,unlimited,1
1,"our,it",1
1,cheery,1
1,reverened,1
1,sensational,1
1,contemplated,1
1,braid,1
1,tallest,1
1,avid,1
1,buiseness,1
1,laden,1
1,balmy,1
1,finga,1
1,irresponsible,1
1,pez,1
1,hecho,1
1,irresistible,1
1,embarrased,1
1,superclean,1
1,lttle,1
1,abdominal,1
1,well-rehearsed,1
1,upside-down,1
1,savin,1
1,hoolagin,1
1,spread,1
1,all-nighter,1
1,detrimental,1
1,ab-sorb,1
1,lastest,1
1,coincidental,1
1,convertible,1
1,puzzle,1
1,"done,i",1
1,hot-spot,1
1,restrained,1
1,blinking,1
1,flowin,1
1,happiest,1
1,prompt,1
1,sexin,1
1,baw,1
1,rhymin,1
1,gross,1
1,princely,1
1,papi,1
1,believin,1
1,apparent,1
1,broken-hearted,1
1,dale,1
1,beginnin,1
1,irreplaceable,1
1,overpowering,1
1,freestyle,1
1,occasional,1
1,fine-tuned,1
1,trick,1
1,half,1
1,tribal,1
1,dj,1
1,logical,1
1,stunger,1
1,concerned,1
1,possess,1
1,vampin,1
1,mind(constantly,1
1,fuddled,1
1,intricate,1
1,double-u,1
1,rap-ass,1
1,diggedy-dun,1
1,flyest,1
1,complanin,1
1,come-and-get-me,1
1,stacked,1
1,rubbish,1
1,high-class,1
1,kickin,1
1,paramedic,1
1,narrative,1
1,dl,1
1,onesie,1
1,puzzling,1
1,womething,1
1,transcontinental,1
1,intuitive,1
1,superbullet,1
1,groovy,1
1,mum,1
1,vibealacious,1
1,indecisive,1
1,boomin,1
1,fishy,1
1,deceivin,1
1,nationwide,1
1,jewish,1
1,five-oh,1
1,lemmon,1
1,pimpin,1
1,flagrant,1
1,truest,1
1,mundane,1
1,ding-dong,1
1,slight,1
1,bleedin,1
1,dumber,1
1,dabbin,1
1,biggie,1
1,fly-ass,1
1,fluffy,1
1,unable,1
1,"oh,we",1
1,gushy,1
1,graceful,1
1,five-buck,1
1,reefer,1
1,newspaper,1
1,sadistic,1
1,resist,1
1,fail,1
1,miserable,1
1,ordered,1
1,hammer,1
1,wakin,1
1,dubious,1
1,subject,1
1,fried,1
1,neezy,1
1,dorr,1
1,accustomed,1
1,suckin,1
1,r&b,1
1,"engine,26",1
1,freakier,1
1,umm,1
1,rosie,1
1,knock-kneed,1
1,self-assured,1
1,fanicky,1
1,half-hearted,1
1,litter,1
1,royal,1
1,a-gunnin,1
1,haaaaaaaaa,1
1,self-centered,1
1,ghostwriter,1
1,blue-tiled,1
1,pulled,1
1,mod,1
1,distrustful,1
1,e-z,1
1,delayin,1
1,roomy,1
1,right-wing,1
1,ficticious,1
1,discreet,1
1,baritone,1
1,dreamy,1
1,long-haired,1
1,tapered,1
1,breakin,1
1,listening,1
1,startling,1
1,extensive,1
1,indigo,1
1,heavier,1
1,far-fetched,1
1,kapeesh,1
1,outie,1
1,"wildstle,laughin",1
1,ribbin,1
1,fattie,1
1,vocalizing,1
1,smashing,1
1,warmest,1
1,double-barrel,1
1,study,1
1,a-makin,1
1,experimental,1
1,woolrich,1
1,orthopedic,1
1,explicit,1
1,heatas,1
1,2.7,1
1,dumm,1
1,groer,1
1,blushin,1
1,captive,1
1,muggy,1
1,leanin,1
1,high-rise,1
1,floor(whoa,1
1,hallelujah,1
1,christal,1
1,courtless,1
1,creep,1
1,short-term,1
1,wayne,1
1,failed,1
1,pourin,1
1,\n,1
1,unbalanced,1
1,egotistical,1
1,spineless,1
1,creative,1
1,best-made,1
1,far-out,1
1,gilded,1
1,popularest,1
1,deaf,1
1,gustan,1
1,rappin,1
1,hoopty,1
1,unfounded,1
1,6th,1
1,nosy,1
1,potent,1
1,bozo,1
1,set,1
1,vds,1
1,stylishing,1
1,clad,1
1,relentless,1
1,tend,1
1,specific,1
1,bleached-blonde,1
1,conscious,1
1,snot-nosed,1
1,breed,1
1,pass-booted,1
1,hair-do,1
1,dealin,1
1,venereal,1
1,shots-a,1
1,rosy,1
1,yacht.just,1
1,half-broken,1
1,frizz,1
1,elaborate,1
1,life.my,1
1,pessimistic,1
1,"you,i",1
1,edgy,1
1,shaky,1
1,codeine,1
1,o.g.funk,1
1,boogedy-woogedly,1
1,inscrutable,1
1,whoo,1
1,swish,1
1,faked,1
1,idling,1
1,flirty,1
1,recent,1
1,infamous,1
1,timid,1
1,haunting,1
1,peachy,1
1,amour,1
1,playful,1
1,temperamental,1
1,mid-range,1
1,uncouth,1
1,one-man,1
1,dare,1
1,undefined,1
1,hidin,1
1,lesser,1
1,grim,1
1,guaranteed,1
1,alternate,1
1,bone-colored,1
1,hiring,1
1,snatchin,1
1,overfed,1
1,penultimate,1
1,you.ooooh,1
1,afro,1
1,16th,1
1,flossin,1
1,severe,1
1,noble,1
1,materialistic,1
1,immeasurable,1
1,backstreet,1
1,overweight,1
1,un-adult,1
1,o-u-t,1
1,raga,1
1,tit-tie,1
1,foreva,1
1,perty,1
1,norwegian,1
1,nine-pound,1
1,utmost,1
1,blamed,1
1,indivisible,1
1,senseless,1
1,drunken,1
1,narrow,1
1,stupendous,1
1,crushin,1
1,underfed,1
1,bustas,1
1,affectionate,1
1,forceful,1
1,"oh,oh",1
1,formative,1
1,come-on,1
1,leshaun,1
1,mystic,1
1,paper-thin,1
1,gangstas,1
1,four-hundred,1
1,unvarnished,1
1,patent,1
1,lickin,1
1,ludacris,1
1,inefficient,1
1,razzling,1
1,backseat,1
1,unclear,1
1,300,1
1,feinin,1
1,preconceived,1
1,swimmin,1
1,80s,1
1,null,1
1,puttin,1
1,towering,1
1,exclusive,1
1,killing,1
1,bearded,1
1,fre-eee,1
1,ester,1
